loja,categoria,nome,descricao,preco,imagem
Ana Formiga Doces,Festa Junina,Novidade - Morango do Amor,"Chegou o sabor que vai conquistar seu arraiá! Um irresistível morango envolvido em brigadeiro de Ninho e coberto com caramelo artesanal, feito com todo carinho pra adoçar seu dia. Delícia típica com um toque especial da nossa confeitaria. 1 unidade de peso médio 50g",11.0,https://www.goomer.app/webmenu/anaformigadoces/product/11858907/picture/medium/250607174244
Ana Formiga Doces,Festa Junina,Maçã do Amor,As tradicionais maçãs mergulhadas em uma delicada camada de caramelo artesanal. Ela nos faz reviver momentos únicos de infância. 1 unidade de peso médio 150g,8.5,https://www.goomer.app/webmenu/anaformigadoces/product/5314113/picture/medium/250620234737
Ana Formiga Doces,Festa Junina,Canjica doce com amendoim,"Pra adoçar seu mês das festas juninas, temos uma deliciosa canjica cremosa. A canjica contém creme quatro leites (leite em pó, leite, creme de leite, leite condensado) e amendoim. 1 unidade de peso médio 200g.  Vai na temperatura ambiente.",10.0,https://www.goomer.app/webmenu/anaformigadoces/product/9738404/picture/medium/250620234741
Ana Formiga Doces,Bolo de Vó,Bolo de Vó - baunilha - Dois Amores,"Bolo caseiro de baunilha com cobertura de Ninho com brigadeiro cremoso. 1 unidade de peso médio 200g
Escolha a sua cobertura:",12.0,https://www.goomer.app/webmenu/anaformigadoces/product/10471764/picture/medium/250118204902
Ana Formiga Doces,Bolo de Vó,Bolo de Vó - baunilha - Ninho,"Bolo caseiro de baunilha com cobertura de Ninho cremoso. 1 unidade de peso médio 200g
Escolha a sua cobertura:",11.0,https://www.goomer.app/webmenu/anaformigadoces/product/10418040/picture/medium/241106010726
Ana Formiga Doces,Bolo de Vó,Bolo de Vó - baunilha - Brigadeiro,Bolo caseiro de Baunilha com cobertura de Brigadeiro cremoso. 1 unidade de peso médio 200g,11.0,https://www.goomer.app/webmenu/anaformigadoces/product/10418193/picture/medium/240626170029
Ana Formiga Doces,Bolo de Vó,Bolo Chocolatudo,Bolo caseiro de chocolate com cobertura de brigadeiro cremoso. 1 unidade de peso médio 200g,11.0,https://www.goomer.app/webmenu/anaformigadoces/product/10418196/picture/medium/250614155550
Ana Formiga Doces,Bolo de Vó,Bolo de chocolate - Dois Amores,Bolo caseiro de chocolate com cobertura de  Ninho com brigadeiro cremoso. 1 unidade de peso médio 200g,11.0,https://www.goomer.app/webmenu/anaformigadoces/product/10418201/picture/medium/250614155557
Ana Formiga Doces,Pote da Felicidade,Pote da Felicidade Ninho com Morango,"Nosso delicioso pote da Felicidade de Ninho com Morango é composto das camadas: Mousse de Ninho, Brigadeiro de Ninho, Morangos picados, Mousse de Ninho e Brigadeiro de Ninho. 1 unidade de peso médio de 170g.",13.0,https://www.goomer.app/webmenu/anaformigadoces/product/11011308/picture/medium/250620234811
Ana Formiga Doces,Pote da Felicidade,Pote da Felicidade Oreo,"Mousse de NInho, Brigadeiro de Ninho, Oreo e Bombom de Oreo. 1 unidade de peso médio de 170g.",14.0,https://www.goomer.app/webmenu/anaformigadoces/product/11920026/picture/medium/250607173444
Ana Formiga Doces,Pote da Felicidade,Pote da Felicidade Ferrero Rocher,"Uma delicisosa sobremesa com uma explosão de sabores composta por Camadas de Mousse Maravilhoso de Nutella, Bombom Ferrero Rocher, amendoim para dar uma crocância, brigadeiro tradicional cremoso e mousse sensacional de Nuttela, decorado com brigadeiro de Ferrero Rocher fenomenal e morango fresco pra arrematar essa gostosura. 1 unidade de peso médio de 170g.",15.0,https://www.goomer.app/webmenu/anaformigadoces/product/11920023/picture/medium/250607165320
Ana Formiga Doces,Pote da Felicidade,Pote da Felicidade Kinder Bueno com Nutella,"Nosso delicioso pote da Felicidade de Ninho com Nutella é composto das camadas: Mousse de chocolate, Brigadeiro de Ninho, Kinder Bueno, Nutella pura, Brigadeiro de Ninho e Kinder Bueno por cima. 1 unidade de peso médio de 170g.",15.0,https://www.goomer.app/webmenu/anaformigadoces/product/11011301/picture/medium/250211153032
Ana Formiga Doces,Pote da Felicidade,Pote da Felicidade Ouro Branco,"Nosso delicioso pote da Felicidade de Ouro Branco é composto das camadas: Mousse de Ninho, Brigadeiro de Ninho, Bombom Ouro Branco, Mousse de chocolate e Brigadeiro de Ninho e Ouro Branco. 1 unidade de peso médio de 170g.",13.0,https://www.goomer.app/webmenu/anaformigadoces/product/11011296/picture/medium/250531134801
Ana Formiga Doces,Pote da Felicidade,Pote da Felicidade Bis Max,"Nosso delicioso pote da Felicidade de Bis com Chocolate é composto das camadas: Mousse de Chocolate, Brigadeiro de Chocolate e Bis picados. 1 unidade de peso médio de 170g.",13.0,https://www.goomer.app/webmenu/anaformigadoces/product/8715048/picture/medium/241123151054
Ana Formiga Doces,Pote da Felicidade,Bombom de Uva no Pote,"Creme de Ninho, uvas,  chocolate nobre picado, brigadeiro de chocolate gourmet, granule de chocolate . 1 unidade de peso médio de 150g",10.0,https://www.goomer.app/webmenu/anaformigadoces/product/11686762/picture/medium/250318231806
Ana Formiga Doces,Pote da Felicidade,Bombom de morango no Pote,"O queridinho da nossa confeitaria, com muito sabor único e incomparável, vem com Creme de Ninho, morangos frescos picados pra dar um toque de azedinho, pedaços de chocolate ao leite, brigadeiro cremoso de chocolate gourmet. 1 unidade de peso médio de 150g",10.0,https://www.goomer.app/webmenu/anaformigadoces/product/11686763/picture/medium/250620234827
Ana Formiga Doces,Céus,Céus de Uvas,Uma deliciosa combinação de uvas,11.0,https://www.goomer.app/webmenu/anaformigadoces/product/10498321/picture/medium/240724173145
Ana Formiga Doces,Céus,Céus de Morangos,"Uma deliciosa combinação de morangos suculentos, brigadeiro cremoso de Ninho e suspiros levíssimos.. 1 unidade de peso médio 180g",11.0,https://www.goomer.app/webmenu/anaformigadoces/product/10412033/picture/medium/250620234753
Ana Formiga Doces,Brigadeiros,Caixinha de 4 brigadeiros a sua escolha,"Brigadeiros deliciosos e lindíssimos preparados especialmente pra você. 
 Escolha no mínimo e no máximo quatro (4) unidades de brigadeiros a sua escolha.",16.0,https://www.goomer.app/webmenu/anaformigadoces/product/8384079/picture/medium/241106010859
Ana Formiga Doces,Coxinhas,Coxinha de Brigadeiro,"Um brigadeiro gourmet recheado com morango, envolvido em granulado. 1 unidade de peso médio de 90g",13.0,https://www.goomer.app/webmenu/anaformigadoces/product/3091514/picture/medium/250620234952
Ana Formiga Doces,Coxinhas,Coxinha de Ferrero Rocher,"Um brigadeiro gourmet de chocolate recheado com morango, envolvido em amendoim. 1 unidade de peso médio de 90g",12.0,https://www.goomer.app/webmenu/anaformigadoces/product/3091595/picture/medium/250620234945
Ana Formiga Doces,Coxinhas,Coxinha de Ferrero Rocher com Nutella,"Um brigadeiro gourmet de chocolate recheado com morango, envolvido em amendoim e cobertura de Nutella pura. 1 unidade de peso médio de 90g",14.0,https://www.goomer.app/webmenu/anaformigadoces/product/5285671/picture/medium/250620234939
Ana Formiga Doces,Coxinhas,Coxinha de Brigadeiro Uva,"Um brigadeiro gourmet recheado com uvas, envolvido em granulé. 1 unidade de peso médio de 90g",12.0,https://www.goomer.app/webmenu/anaformigadoces/product/6801338/picture/medium/250614180859
Ana Formiga Doces,Tortas,Torta de Feira Ninho Brigadeiro,"Torta de Ninho com brigadeiro com duas camadas de bolo bem molhadinhas, recheio de mousse de Ninho,  de brigadeiro de chocolate. 1 unidade peso médio 300g.",21.0,https://www.goomer.app/webmenu/anaformigadoces/product/9124234/picture/medium/240920201453
Ana Formiga Doces,Tortas,Torta de Feira Ouro Branco Brigadeiro,"Torta de Ouro Branco com duas camadas de bolo bem molhadinhas, recheio de mousse de Ninho, Ouro Banco picado, cobertura de brigadeiro de Ninho, com Ouro Branco e brigadeiro. 1 unidade peso médio 300g.",21.0,https://www.goomer.app/webmenu/anaformigadoces/product/8809036/picture/medium/241123142543
Ana Formiga Doces,Tortas,Torta de Feira - Morango,"Torta de morango com duas camadas de bolo bem molhadinhas, recheio de mousse de Ninho, morangos frescos, cobertura de brigadeiro de Ninho. 1 unidade peso médio 300g.",21.0,https://www.goomer.app/webmenu/anaformigadoces/product/7393205/picture/medium/250620234841
Ana Formiga Doces,Bolo no Pote,Bolo no pote Ninho com Chocolate,"Bolo fofinho e bem molhadinho recheado com brigadeiro de chocolate, moussse de Ninho. 1 unidade de peso médio de 230g.",14.0,https://www.goomer.app/webmenu/anaformigadoces/product/2949730/picture/medium/241123151533
Ana Formiga Doces,Bolo no Pote,Bolo no pote Ouro Branco,"Bolo fofinho e bem molhadinho recheado com brigadeiro de Ninho, mousse de Ninho com pedaços de Ouro Branco. 1 unidade de 230g aproximadamente",14.0,https://www.goomer.app/webmenu/anaformigadoces/product/3233538/picture/medium/241123151601
Ana Formiga Doces,Bolo no Pote,Bolo no pote Kinder Chocolate,"Bolo fofinho e bem molhadinho recheado com brigadeiro tradicional, Nutela pura,  mousse de Ninho e  pedaços de Kinder Chocolate e granulado de chocolate.
1 unidade  de peso médio de 200g",15.0,https://www.goomer.app/webmenu/anaformigadoces/product/4802140/picture/medium/250614150536
Ana Formiga Doces,Bolo no Pote,Bolo no pote Ferrero Rocher,"Bolo de chocolate fofinho e bem molhadinho recheado com mousse de chocolate, camada de Nutella pura, com camada de brigadeiro tradicional, amendoim e pedaços de Ferrero Rocher. 1 unidade de peso médio 200g.",15.0,https://www.goomer.app/webmenu/anaformigadoces/product/3097855/picture/medium/250614150622
Chocolatria,DIAS e HORÁRIOS de operação do café!,Dias e horários de operação do café Chocolatria!,"Os pedidos e entregas serão atendidos de terça a sábado, das 10:30h -17:30h. Para a confirmação do pedido uma atendente irá conversar com você para combinar o valor do  frete, pagamento e horário de entrega. Os pedidos feitos após este horário e nos dias de descanso (dom /seg) serão respondidos no próximo dia de operação. Gratidão pela compreensão!",0.0,https://www.goomer.app/webmenu/chocolatria-1/product/9425418/picture/medium/240301125430
Chocolatria,A nossa padaria especial,"""O"" pão de queijo Chocolatria","Crocante por fora, cremoso por dentro. Recheado com requeijão cremoso.",11.9,https://www.goomer.app/webmenu/chocolatria-1/product/1368241/picture/medium/250110200150
Chocolatria,A nossa padaria especial,"""O"" biscoito de queijo","O biscoito mais instagramável que existe! Amanteigado, crocante e com um toque de tomilho. Um acompanhamento perfeito para o cafezinho preto.",16.9,https://www.goomer.app/webmenu/chocolatria-1/product/2686956/picture/medium/250110200223
Chocolatria,A nossa padaria especial,Ophélia [unidade],"Brioche fofinho de Earl Grey, recheado com cremoso de coco e filete de dulce de leche.",21.9,https://www.goomer.app/webmenu/chocolatria-1/product/2825945/picture/medium/250121135013
Chocolatria,A nossa padaria especial,"""O"" pão de queijo com pernil","O nosso incrível pão de queijo da casa, recheado com pernil (cozido por 16h em baixa temperatura), muçarela, requeijão e um toque de páprica picante.",17.9,https://www.goomer.app/webmenu/chocolatria-1/product/1368293/picture/medium/250111210437
Chocolatria,A nossa padaria especial,"""O"" Pacotinho de pão de queijo",6 unidades de mini pão de queijo crocante,18.9,https://www.goomer.app/webmenu/chocolatria-1/product/9159849/picture/medium/250110200458
Chocolatria,A nossa padaria especial,Quichipa de frango e pesto de manjericão,"Incrível quiche com base de chipa, recheada com cremoso de frango e pesto de manjericão e nozes.",18.0,https://www.goomer.app/webmenu/chocolatria-1/product/2465854/picture/medium/250110200454
Chocolatria,A nossa padaria especial,Quichipa de espinafre,"[veggie] Incrível quiche com base de chipa, recheado com creme de espinafre e queijos.",18.0,https://www.goomer.app/webmenu/chocolatria-1/product/1368327/picture/medium/250110200452
Chocolatria,A nossa padaria especial,Meat Pie!,"Pecaminosa torta de carne desfiada, cozida por 16 horas em baixa temperatura e temperos especiais da casa.",18.9,https://www.goomer.app/webmenu/chocolatria-1/product/4369358/picture/medium/250422171457
Chocolatria,A nossa padaria especial,Empanada de frango & curry,"Empanada dos sonhos, fartamente recheada com cremoso de frango, ervilha e curry (levemente apimentado)",21.0,https://www.goomer.app/webmenu/chocolatria-1/product/1368826/picture/medium/250116144537
Chocolatria,A nossa padaria especial,Pão de tapenade de azeitona,"Pão especialíssimo recheado com tapenade de azeitona, mix de queijos, cebola caramelada e alecrim.",26.5,https://www.goomer.app/webmenu/chocolatria-1/product/1572538/picture/medium/250402183517
Chocolatria,A nossa padaria especial,Joelhinho de calabresa,"Sensacional pão integral, recheado com linguiça calabresa, requeijão e cebolas caramelizadas.",28.9,https://www.goomer.app/webmenu/chocolatria-1/product/1368577/picture/medium/250507141211
Chocolatria,A nossa padaria especial,"""O"" buraco quente","O clássico e delicioso sanduíche cremoso a base de carne moída, queijo, bacon e temperos especiais.",29.9,https://www.goomer.app/webmenu/chocolatria-1/product/6208910/picture/medium/250116144619
Chocolatria,A nossa padaria especial,Choripán,"O nosso ChoriPÁN é um pão úmido, recheado, trançado e com um corte lindo semelhante aos veios de uma árvore. De massa semelhante a um brioche, recheado com pesto de chimichurri e linguiça defumada.",48.9,https://www.goomer.app/webmenu/chocolatria-1/product/8863171/picture/medium/250417132240
Chocolatria,A nossa padaria especial,Fatia de Babka C,"Pão úmido, recheado, trançado e com um corte lindo semelhante aos veios de uma árvore. 
Nossa versão é recheada de chocolate e um pouquinho de nozes para um textura agradável e umedecida com calda feita de lascas de laranja Bahia.",23.0,https://www.goomer.app/webmenu/chocolatria-1/product/6037127/picture/medium/250116144638
Chocolatria,A nossa padaria especial,Babka C familia - SOB ENCOMENDA,"Pão úmido, recheado, trançado e com um corte lindo semelhante aos veios de uma árvore. Nossa versão é recheada de chocolate e um pouquinho de nozes para um textura agradável e umedecida com calda feita de lascas de laranja Bahia. 1,100kg",156.0,https://www.goomer.app/webmenu/chocolatria-1/product/6515638/picture/medium/250515171325
Chocolatria,A nossa padaria especial,"Pacote congelado d""O"" pão de queijo","O queridinho do café, ganhou uma versão especial! Embalagem com 12 deliciosos pães de queijo congelados para você assar no conforto do seu lar.",106.9,https://www.goomer.app/webmenu/chocolatria-1/product/1368468/picture/medium/250612200847
Chocolatria,A nossa padaria especial,"Pacote congelado d""O"" pão de queijo com pernil","O nosso amado pão de queijo, recheado com o pernil da casa, para você assar quando quiser na sua casa. O pernil é cozido por 16h em baixa temperatura e preparado com os temperos especiais da casa e muito amor!",88.0,https://www.goomer.app/webmenu/chocolatria-1/product/5756844/picture/medium/250515171330
Chocolatria,A nossa padaria especial,Pacote congelado de mini Joelhinhos de Calabresa,"O clássico Joelhinho de Calabresa Chocolatria em formato miniatura para servir como lanchinho ou para suas visitas! Pack com 6 unidades assadas e congeladas! Após descongelamento, aqueça no forno, forninho ou Airfryer!",55.4,https://www.goomer.app/webmenu/chocolatria-1/product/7255427/picture/medium/250515171333
Chocolatria,A nossa padaria especial,Pacote congelado de mini Tapenade de azeitonas,"O adorado Tapenade de azeitonas Chocolatria em formato miniatura para servir como lanchinho ou para suas visitas! Pack com 6 unidades assadas e congeladas! Após descongelamento, aqueça no forno, forninho ou Airfryer!",55.4,https://www.goomer.app/webmenu/chocolatria-1/product/10375385/picture/medium/250426165941
Chocolatria,Os famosos bolos Chocolatria,Que tal um favo do lindo bolo de mel?,"Delicioso bolo de mel com especiarias, servido com mel Mbee.",15.9,https://www.goomer.app/webmenu/chocolatria-1/product/1370318/picture/medium/250111210414
Chocolatria,Os famosos bolos Chocolatria,Brownie-licious,"Brownie super chocolático, cremoso e intenso. Retire da marmitinha e aqueça por 10-15 segundos para ter uma experiência incrível.",17.9,https://www.goomer.app/webmenu/chocolatria-1/product/1369345/picture/medium/250110211301
Chocolatria,Os famosos bolos Chocolatria,"Gosta do bolo Sunshine simples, sem calda? Aqui!","[sem lactose*] Bolo de fubá aromático, fofinho e reconfortante.

*pode conter traços",18.9,https://www.goomer.app/webmenu/chocolatria-1/product/1369219/picture/medium/250110211309
Chocolatria,Os famosos bolos Chocolatria,Amo! Fatia do bolo Sunshine de fubá & goiabada,"[sem lactose] Fatia bolo de fubá, rico em aromas, servido com calda magnífica de goiabada. Sirva acompanhado de cafézinho preto. 
*Pode conter traços",21.9,https://www.goomer.app/webmenu/chocolatria-1/product/1369187/picture/medium/250110211314
Chocolatria,Os famosos bolos Chocolatria,Fatia do Bolo incrível de Frutas,"[sem açúcar adicionado / sem lactose / sem glúten*] Bolo delicioso, úmido e saudável de frutas. Sem farinha, nem açúcar adicionado. Feito com flocos de aveia, maçã, banana, tâmara, damasco, uva passa, ameixa e nozes

* podem conter traços",23.9,https://www.goomer.app/webmenu/chocolatria-1/product/10568420/picture/medium/250410144451
Chocolatria,Os famosos bolos Chocolatria,"""O"" Bolo gelado de coco","A  versão Chocolatria do bolo afetivo brasileiro - aquele embrulhadinho no papel alumínio - presente nas melhores festinhas dos anos 80! Massa branca, bem úmida e finalizado com coco ralado",23.9,https://www.goomer.app/webmenu/chocolatria-1/product/10060667/picture/medium/250422132504
Chocolatria,Os famosos bolos Chocolatria,"Bolo gelado ""Cocolati""","""Coco + chocolate = cocolati!"". Bolo gelado de chocolate fartamente recheado com ganache cremosa de coco. Não espere semelhanças com o bolo popular toalha felpuda. Este é intenso e feito com a mesma massa do bolo Trovão!",23.9,https://www.goomer.app/webmenu/chocolatria-1/product/1371460/picture/medium/250111210425
Chocolatria,Os famosos bolos Chocolatria,Que tal ser abraçado por uma fatia do bolo Trovão?,"Untuosa massa de chocolate, umedecida com calda e fartamente recheada com o nosso equilibrado brigadeiro cremoso. Decorado com um brigadeirinhos e uma asa de chocolate",24.9,https://www.goomer.app/webmenu/chocolatria-1/product/1371902/picture/medium/250110211336
Chocolatria,Os famosos bolos Chocolatria,Que tal se alegrar com uma fatia do bolo Red Velvet?,"Radiante massa de bolo vermelho, umedecido com calda e recheado com creme leve de cream cheese. Decorado com morangos e mirtilo.

Imagem tirada pela querida cliente @sybilsy <3",24.9,https://www.goomer.app/webmenu/chocolatria-1/product/1371578/picture/medium/250110211334
Chocolatria,Os famosos bolos Chocolatria,Que tal uma experiência com uma fatia do Bosque Matchá?,"Massa leve de matcha (chá verde), recheada com creme leve, cereja e frutas vermelhas. Decorado com folhas de chocolate de matchá.",24.9,https://www.goomer.app/webmenu/chocolatria-1/product/1372018/picture/medium/250110211249
Chocolatria,Os famosos bolos Chocolatria,Que tal se inspirar com uma fatia do bolo Aconchego?,"Um bolo inspirado no aconchego das festas de bairro, presente na infância de muitos. Massa branca fofinha, úmida, recheada com compota de abacaxi artesanal e creme leve de coco",24.9,https://www.goomer.app/webmenu/chocolatria-1/product/1371153/picture/medium/250110211249
Chocolatria,Choux Cream ,Novidade! Choux cream Banoffee,"Lançamento incrível do café CH: a extraordinária Choux Banoffee, uma Choux fartamente recheada com creme de natas, calda de doce de leite, bananas frescas e polvilhada com açúcar e canela",25.0,https://www.goomer.app/webmenu/chocolatria-1/product/11582212/picture/medium/250207182804
Chocolatria,Choux Cream ,Choux cream de fava Tonka,Choux cream recheado com creme leve de fava tonka,23.0,https://www.goomer.app/webmenu/chocolatria-1/product/6377617/picture/medium/250513180926
Chocolatria,Choux Cream ,Choux cream Trovão,Choux cream recheado com o delicioso mousse de brigadeiro do bolo Trovão.,23.0,https://www.goomer.app/webmenu/chocolatria-1/product/6377621/picture/medium/250619194004
Chocolatria,Choux Cream ,Choux cream Passion,"Choux Cream recheada com caramelo de maracujá, combinada com creme légère de coco.",23.0,https://www.goomer.app/webmenu/chocolatria-1/product/7992007/picture/medium/250408175524
Chocolatria,Choux Cream ,Choux de Natas com Morangos Frescos,Choux recheada com creme de natas e morangos frescos.,25.0,https://www.goomer.app/webmenu/chocolatria-1/product/9984134/picture/medium/250408175525
Chocolatria,Choux Cream ,Choux cream Van Halen,"Choux baseada na icônica trufa Van Halen Chocolatria: creme légère de paçoca, caramelo, cobertura de chocolate 54% e amendoim.",27.0,https://www.goomer.app/webmenu/chocolatria-1/product/9220344/picture/medium/250326212721
Chocolatria,Choux Cream ,Box Choux cream 6 unidades,Monte um box contendo 6 unidades de choux cream a sua escolha e receba de mimo um Choux Trovão OU Fava Tonka.,0.0,https://www.goomer.app/webmenu/chocolatria-1/product/3683635/picture/medium/250207162049
Chocolatria,A nossa especialidade: Chocolates:),"""O"" brigadeiro líquido","Par de brigadeiros feitos com chocolate belga, recheados com brigadeiro em ponto líquido. O brigadeiro que deixa todo mundo doido!",21.9,https://www.goomer.app/webmenu/chocolatria-1/product/1399631/picture/medium/250606192006
Chocolatria,A nossa especialidade: Chocolates:),"Pão de mel ""gift"" de doce de leite","O famoso pão de mel em formato de presentinho que faz sucesso desde 2004. Casca de chocolate ao leite, recheado pão de mel e doce de leite argentino",17.9,https://www.goomer.app/webmenu/chocolatria-1/product/1399467/picture/medium/250513180937
Chocolatria,A nossa especialidade: Chocolates:),"Pão de mel ""gift"" licoroso","Amantes de bebida, este é o doce indicado para você. Casca de chocolate amargo, recheado com pão de mel molhadinho embebido em licor",17.9,https://www.goomer.app/webmenu/chocolatria-1/product/1399389/picture/medium/250116145234
Chocolatria,A nossa especialidade: Chocolates:),Figo,"Design e molde autoral Chocolatria em formato de figo de chocolate , trazendo a harmonização de maior sucesso na Páscoa 2023: Casca chocolate 54% com uma elegante combinação de ganache de raspas de laranja e chá Earl Grey, e figos turcos .",20.9,https://www.goomer.app/webmenu/chocolatria-1/product/9702681/picture/medium/250422205845
Chocolatria,A nossa especialidade: Chocolates:),Cherry Bomb,"Bombom recheado com trufa meio amarga,  ganache licorosa e amarena

Não contém glúten*
Pode conter traços",20.9,https://www.goomer.app/webmenu/chocolatria-1/product/9099665/picture/medium/250422205837
Chocolatria,A nossa especialidade: Chocolates:),Trufa Van Halen,Caramelo cremosíssimo envolvido por uma deliciosa trufa de paçoca e coberta com chocolate crocante de amendoim,18.9,https://www.goomer.app/webmenu/chocolatria-1/product/1399674/picture/medium/250221174011
Chocolatria,A nossa especialidade: Chocolates:),Wafer Gianduia,"Gianduia é a combinação clássica de pasta de avelãs com chocolate. Este é um wafer ultra crocante, recheado com pasta de avelãs, coberto por uma casquinha fina de chocolate ao leite belga.",21.9,https://www.goomer.app/webmenu/chocolatria-1/product/1398928/picture/medium/250527190528
Chocolatria,A nossa especialidade: Chocolates:),Canudo de avelãs,"Delicado por fora, intenso por dentro: um canudo crocante recheado com pasta de avelãs e finalizado com chocolate ao leite belga.",19.9,
Chocolatria,A nossa especialidade: Chocolates:),Estrela de brigadeiro,"Por um céu de brigadeiro, repleto destas estrelas! Estrela gordinha, fartamente recheada com brigadeiro cremoso. Um dos nossos produtos mais desejados!",21.9,https://www.goomer.app/webmenu/chocolatria-1/product/1399696/picture/medium/250523155724
Chocolatria,A nossa especialidade: Chocolates:),VIVALAVIDA!,"Base de biscoito amanteigado, recheio de ganache de caramelo, amendoim, chocolate amargo, flor de sal e paçoca. Se você gosta desta combinação, apenas PEÇA!",21.9,https://www.goomer.app/webmenu/chocolatria-1/product/10106169/picture/medium/250523155722
Chocolatria,A nossa especialidade: Chocolates:),Sakura de maracujá e coco,"Imagine um caramelo de maracujá fresco, vibrante e azedinho combinado com o aconchego do cremoso de coco. Tudo isso, envolvido por uma delicada casquinha 54%. Uma harmonização equilibrada no dulçor, com texturas ricas e muito sabor.",30.9,https://www.goomer.app/webmenu/chocolatria-1/product/10802040/picture/medium/250523155722
Chocolatria,A nossa especialidade: Chocolates:),Sakurá de matchá,"Flor de Sakura de design Chocolatria, feita com casca de chocolate belga 54%,  recheada com bolo de matchá umedecido e brigadeiro de matchá. O colorido é fruto de uma fina camada de pintura, feita com manteiga de cacau colorida.",30.9,https://www.goomer.app/webmenu/chocolatria-1/product/9624429/picture/medium/250523155715
Chocolatria,A nossa especialidade: Chocolates:),NOVIDADE!! Walnuts,"Blend de chocolates de canela e ao leite, recheado com nozes caramelizadas.

Peso líquido: 110g
Validade: 30 dias",39.0,https://www.goomer.app/webmenu/chocolatria-1/product/11194400/picture/medium/250523155715
Chocolatria,A nossa especialidade: Chocolates:),Barra Amargo & Flor de sal,"Barra de chocolate amargo 54,3% com cristais de flor de sal. Simples, mas arrebatador!
Não contém glúten e lactose*
*Pode conter traços",33.9,https://www.goomer.app/webmenu/chocolatria-1/product/1376332/picture/medium/250523155715
Chocolatria,A nossa especialidade: Chocolates:),Barra Caramel Salé,"Barra de chocolate 54% recheada com ganache de caramelo salgado.
Não contém glúten*
 * Pode conter traços",39.0,https://www.goomer.app/webmenu/chocolatria-1/product/11140141/picture/medium/250523155715
Chocolatria,A nossa especialidade: Chocolates:),Barra Honeycomb Praliné,"Barra ao leite feita com honeycomb (caramelo crocante de mel) e praliné de amêndoas.
Não contém glúten*
 * Pode conter traços",41.9,https://www.goomer.app/webmenu/chocolatria-1/product/8364539/picture/medium/250523155715
Chocolatria,A nossa especialidade: Chocolates:),Barra Matchá crumble,"Barra linda feita com chocolate de matchá (chá verde), crumble, goji e cranberries.
Não contém glúten*
Pode conter traços",41.9,https://www.goomer.app/webmenu/chocolatria-1/product/1376155/picture/medium/250523155709
Chocolatria,A nossa especialidade: Chocolates:),Esfera Peanuts,"Casca de chocolate ao leite crocante de amendoim com 3 bombons de amendoim.

Peso líquido: 100g
Validade: 45 dias",54.5,https://www.goomer.app/webmenu/chocolatria-1/product/10752410/picture/medium/250523155709
Chocolatria,A nossa especialidade: Chocolates:),Honeycomb,"Favos de caramelo de mel crocantes banhados em chocolate belga amargo com toque de flor de sal. Extraordinário!
Não contém glúten*
Pode conter traços",70.9,https://www.goomer.app/webmenu/chocolatria-1/product/1399052/picture/medium/250617142829
Chocolatria,Os canudos de wafer incríveis e viciantes!,"Canudos Amargos 54,3%","Dupla de canudos wafer ultra crocantes, banhados no chocolate amargo
Não contém lactose*
*Pode conter traços",18.5,https://www.goomer.app/webmenu/chocolatria-1/product/1384007/picture/medium/241219122328
Chocolatria,Os canudos de wafer incríveis e viciantes!,Canudos Ao leite,"Dupla de canudos de wafer ultra crocantes, banhados no chocolate ao leite",18.5,https://www.goomer.app/webmenu/chocolatria-1/product/1384002/picture/medium/250423153738
Chocolatria,Os canudos de wafer incríveis e viciantes!,Canudos Lemon Pie,"Dupla de canudos de wafer crocantes, banhados em chocolate branco com toque de limão e chá Earl Grey",20.9,https://www.goomer.app/webmenu/chocolatria-1/product/1383846/picture/medium/250108193549
Chocolatria,Os canudos de wafer incríveis e viciantes!,Canudos de Paçoca,"Dupla de canudo de biscoito wafer ultra crocantes, banhado no chocolate ao leite e paçoca.",20.9,https://www.goomer.app/webmenu/chocolatria-1/product/1384656/picture/medium/250423153740
Chocolatria,Os nossos incríveis Cookies,Cookie-licious,"Incrível cookie americano feito com gotas de chocolate, nozes e um toque de flor de sal. Aqueça por 10-12segundos no microondas e seja feliz!",20.0,https://www.goomer.app/webmenu/chocolatria-1/product/1383529/picture/medium/250527221932
Chocolatria,Os nossos incríveis Cookies,Crazy cookie de avelãs,Delicioso cookie de chocolate fartamente recheado com pasta de avelãs.,20.0,https://www.goomer.app/webmenu/chocolatria-1/product/1383475/picture/medium/240718150017
Chocolatria,Os nossos incríveis Cookies,"""Fever"" de brownie e brigadeiro",Massa chocolática e densa de brownie recheada com brigadeiro cremoso da casa.,21.9,https://www.goomer.app/webmenu/chocolatria-1/product/1383708/picture/medium/250115143743
Chocolatria,Sobremesas,Cinnamon Roll,Massa fofinha enrolada e recheada com pasta de canela.,21.9,https://www.goomer.app/webmenu/chocolatria-1/product/11154217/picture/medium/240904195519
Chocolatria,Sobremesas,Choux au Fondue,"Choux crocante recheada com o nosso creme aveludado de baunilha — o mesmo que faz do Red Velvet um clássico irresistível. Por cima, frutas frescas e uma generosa calda de fondue feita com blends de chocolates.",37.0,https://www.goomer.app/webmenu/chocolatria-1/product/9682877/picture/medium/250611165916
Chocolatria,Sobremesas,Ophélia [unidade],"Brioche fofinho de Earl Grey (chá preto aromatizado com óleo de bergamota), recheado com cremoso de coco e filete de dulce de leche.",16.9,https://www.goomer.app/webmenu/chocolatria-1/product/1368859/picture/medium/250121135041
Chocolatria,Sobremesas,Banana pudding,"Creme leve e equilibrado de baunilha, bananas carameladas e bolachas quebradas.",20.9,https://www.goomer.app/webmenu/chocolatria-1/product/1371363/picture/medium/250606190022
Chocolatria,Kids!ヽ(•‿•)ノ,Canudinhos Dragée,"Dupla de canudos de wafer ulta crocantes, banhado no chocolate ao leite com dragee coloridos",20.9,https://www.goomer.app/webmenu/chocolatria-1/product/1384081/picture/medium/250116151303
Chocolatria,Kids!ヽ(•‿•)ノ,Coração dragée,A criançada pira! Pirulito de chocolate belga  ao leite revestido com dragées coloridos.,26.0,https://www.goomer.app/webmenu/chocolatria-1/product/1398965/picture/medium/250422190845
Chocolatria,Festa à vista? Encomende aqui o seu bolo!,"""O"" Favo de mel [inteiro]","Delicioso bolo de mel com especiarias, servido com mel Mbee.",230.0,https://www.goomer.app/webmenu/chocolatria-1/product/4538330/picture/medium/250110195200
Chocolatria,Festa à vista? Encomende aqui o seu bolo!,"""O"" bolo incrível de frutas [inteiro]","Bolo muito saboroso, úmido e saudável de frutas. Sem farinha, nem açúcar adicionado.
Feito com flocos de aveia, maçã, banana, tâmara, damasco, uva passa, ameixa e nozes. Rende 14 fatias",259.0,https://www.goomer.app/webmenu/chocolatria-1/product/4538268/picture/medium/250110195210
Chocolatria,Festa à vista? Encomende aqui o seu bolo!,Mini bolo - 11 cm de diâmetro,"BOLO TROVÃO
Untuosa massa de chocolate recheada com o nosso equilibrado brigadeiro cremoso. 

BOLO RED VELVET
Bolo veludo vermelho recheado com creme leve de cream cheese

BOLO ACONCHEGO
Massa fofinha e úmida recheada com compota artesanal de abacaxi e creme leve de coco

BOLO BOSQUE MATCHÁ
Massa de matchá (chá verde) recheado com creme leve de cream cheese com toque limão e  cerejas",149.0,https://www.goomer.app/webmenu/chocolatria-1/product/2765683/picture/medium/250110195754
Chocolatria,Festa à vista? Encomende aqui o seu bolo!,Bolo 12 fatias - 15cm diâmetro,BOLO TROVÃO Untuosa massa de chocolate recheada com o nosso equilibrado brigadeiro cremoso. BOLO RED VELVET Bolo veludo vermelho recheado com creme leve de cream cheese BOLO ACONCHEGO Massa fofinha e úmida recheada com compota artesanal de abacaxi e creme leve de coco BOLO BOSQUE MATCHÁ Massa de matchá (chá verde) recheado com creme leve de cream cheese com toque limão e cerejas,295.0,https://www.goomer.app/webmenu/chocolatria-1/product/2765920/picture/medium/250110195827
Chocolatria,Festa à vista? Encomende aqui o seu bolo!,Bolo 18 fatias - 20 cm de diâmetro,BOLO TROVÃO Untuosa massa de chocolate recheada com o nosso equilibrado brigadeiro cremoso. BOLO RED VELVET Bolo veludo vermelho recheado com creme leve de cream cheese BOLO ACONCHEGO Massa fofinha e úmida recheada com compota artesanal de abacaxi e creme leve de coco BOLO BOSQUE MATCHÁ Massa de matchá (chá verde) recheado com creme leve de cream cheese com toque limão e cerejas,390.0,https://www.goomer.app/webmenu/chocolatria-1/product/2765990/picture/medium/250528170502
Chocolatria,Festa à vista? Encomende aqui o seu bolo!,Bolo 2 sabores :D,"Escolha 2 sabores do seu bolo preferido!!
Trovão de brigadeiro
Red Velvet
Bosque Matchá
Bolo Aconchego",159.0,https://www.goomer.app/webmenu/chocolatria-1/product/2766049/picture/medium/250528191519
Chocolatria,Congelados,"Pacote congelado d""O"" pão de queijo","O queridinho do café, ganhou uma versão especial! Embalagem com 12 deliciosos pães de queijo congelados para você assar no conforto do seu lar.",106.9,https://www.goomer.app/webmenu/chocolatria-1/product/11278454/picture/medium/250515171302
Chocolatria,Congelados,"Pacote congelado d""O"" pão de queijo com pernil","O nosso amado pão de queijo, recheado com o pernil da casa, para você assar quando quiser na sua casa. O pernil é cozido por 16h em baixa temperatura e preparado com os temperos especiais da casa e muito amor!",88.0,https://www.goomer.app/webmenu/chocolatria-1/product/11278455/picture/medium/250515171300
Chocolatria,Congelados,Pacote congelado de mini Joelhinhos de Calabresa,"O clássico Joelhinho de Calabresa Chocolatria em formato miniatura para servir como lanchinho ou para suas visitas! Pack com 6 unidades assadas e congeladas! Após descongelamento, aqueça no forno, forninho ou Airfryer!",55.4,https://www.goomer.app/webmenu/chocolatria-1/product/11278456/picture/medium/250515171258
Chocolatria,Congelados,Pacote congelado de mini Tapenade de azeitonas,"O adorado Tapenade de azeitonas Chocolatria em formato miniatura para servir como lanchinho ou para suas visitas! Pack com 6 unidades assadas e congeladas! Após descongelamento, aqueça no forno, forninho ou Airfryer!",55.4,https://www.goomer.app/webmenu/chocolatria-1/product/11278458/picture/medium/250430173010
Chocolatria,CESTAS E PRESENTES CH ♥ ,Entregas!,"♥ Pedimos a gentileza de certificar se a portaria recebe alimentos ou se a pessoa estará no local para recebimento, nosso entregador poderá aguardar até 10 minutos no local para que não interfira nas outras entregas. Caso haja necessidade de uma segunda viagem, incidirá novo frete",0.0,https://www.goomer.app/webmenu/chocolatria-1/product/10782907/picture/medium/240513221426
Chocolatria,CESTAS E PRESENTES CH ♥ ,Caneca Chocolatria,"Linda caneca de porcelana Chocolatria, com os escritos ""Fresh, Handmade, Love, Chocolatria, since 2004"".",49.0,https://www.goomer.app/webmenu/chocolatria-1/product/10784064/picture/medium/240514200123
Chocolatria,CESTAS E PRESENTES CH ♥ ,Livro autografado por Simone Izumi,"Livro ""Loucuras de Chocolate"", autografado por Simone Izumi. Mencione o nome da dedicatória! <3",115.9,https://www.goomer.app/webmenu/chocolatria-1/product/10782878/picture/medium/250613161058
Chocolatria,CESTAS E PRESENTES CH ♥ ,"Box ""Experiência"" CH [6 itens]","•	1 delicioso pão de tapenade de azeitonas, cebola, alecrim e mix de queijos
•	1 pão de queijo com recheio de requeijão
•	1 dupla dos desejados canudos ao leite
•	1 cookielicious de nozes, chocolate e flor de sal
•	1 fatia de bolo Trovão de brigadeiro
•	1 ""O"" biscoito de queijo
•	1 box Chocolatria tamanho 22x22cm 
•	1 cartãozinho personalizado, impresso com a sua mensagem de carinho.",129.0,https://www.goomer.app/webmenu/chocolatria-1/product/10782882/picture/medium/250206221752
Chocolatria,CESTAS E PRESENTES CH ♥ ,"Cesta ""Especial"" CH [9 itens]","•	1 delicioso pão de tapenade de azeitonas, cebola, alecrim e mix de queijos
•	1 quiche de frango
•	1 ""O"" biscoito de queijo
•	1 pão de mel gift ao leite, recheado com dulce de leche
•	1 dupla dos desejados canudos de paçoca
•	1 cookielicious de nozes, chocolate e flor de sal
•	1 brownielicious
•	1 fatia de bolo Trovão de brigadeiro
•	1 vaso de flores
•	1 cesta de bambu finalizado com celofane e laço de fita 
•	1 cartãozinho personalizado, impresso com a sua mensagem de carinho.",199.0,https://www.goomer.app/webmenu/chocolatria-1/product/10782881/picture/medium/250612160442
Chocolatria,CESTAS E PRESENTES CH ♥ ,"Cesta ""da Alegria"" CH [12 itens]","•1 Pão de azeitona 
•1  Pão de calabresa
•1 Quiche de Frango cremoso com pesto de manjericão
•1  Biscoito de Queijo
•1  Fatia de bolo Trovão de brigadeiro
•1  Brownielicious
•1 Dupla de canudo crocante de paçoca
•1  Bolo Cocolati
•1 Pão de mel  licoroso
•1 Pão de mel recheado com doce de leite
•1 Sakura recheado com caramelo de maracujá e cremoso de coco
•1 Vaso de flor 
•1 Cesta de bambu, finalizada com celofane e laço",299.0,https://www.goomer.app/webmenu/chocolatria-1/product/10782883/picture/medium/250206215027
Chocolatria,CESTAS E PRESENTES CH ♥ ,"Cesta ""dos Sonhos"" CH [14 itens]","•	1 pão de calabresa com cebola caramelada
•	1 pão de tapenade de azeitona, cebola, alecrim e mix de queijos
•	1 empanada de frango e curry
•	1 quiche de frango cremoso e pesto de manjericão
•	1 “O” biscoito de queijo
•	1 delicioso brownielicious
•	1 fatia de bolo Trovão de brigadeiro
•	1 dupla de canudo ao leite
•	1 sakura passion
•	1 cookielicious de chocolate e nozes
•	1 pão de mel recheado com dulce de leche 
•	1 lata de Honeycomb 
•     1 Ecobag
•	1 vaso de flor
•	1 cesta de palha
•	1 cartãozinho",399.0,https://www.goomer.app/webmenu/chocolatria-1/product/10782884/picture/medium/250206214440
Chocolatria,CESTAS E PRESENTES CH ♥ ,"Cesta ""da Vida"" CH [18 itens]","•1 Choripan,
•1 Pão de azeitona,,
•1 Quiche Frango cremoso com pesto de manjericão                 
•1 Empanada de frango com curry
•1 Biscoito de Queijo
•1 Fatia de bolo Trovão de brigadeiro
•1 Brownielicious
•1 Bolo Cocolati
•1 Brioche com recheio de cremoso de coco e doce de leite
•1 Canudo crocante ao leite
•1 canudo de paçoca
•1 Cookielicious
•1 Pão de mel recheado com doce de leite
•1 Sakura recheada com caramelo de maracujá e cremoso de coco
•1 Lata de HoneyComb
•1 Ecobag linda Chocolatria
•1 Livro autografado 
•1 Vaso de flor, 
•1 Recadinho 
•1 Cesta de bambu, finalizada com celofane e laço",599.0,https://www.goomer.app/webmenu/chocolatria-1/product/10782924/picture/medium/250206213358
Chocolatria,CESTAS E PRESENTES CH ♥ ,Monte o seu presente personalizado!,"Você pode escolher a sua seleção preferida de guloseimas Chocolatria para montarmos nas seguintes opções de bases:
- box Chocolatria (R$ 11,00)
- base de cesta Chocolatria M (R$ 22,00)
- base de cesta Chocolatria G (R$ 49,50)

Faça a sua seleção no goomer e nos explique as suas necessidades :)",0.0,https://www.goomer.app/webmenu/chocolatria-1/product/10782877/picture/medium/240508132201
Chocolatria,CESTAS E PRESENTES CH ♥ ,Box para montagem:),Base de caixa acartonada personalizada Chocolatria para você montar o seu kit personalizado! Mencione os produtos selecionados direcionados para o box e o nome do presenteado!,11.0,https://www.goomer.app/webmenu/chocolatria-1/product/10782879/picture/medium/240508132159
Chocolatria,Bebidas quentes,Cafés Especiais UNIQUE,"O nosso café é um café especial Unique que tem notas acima de 80 pontos na escala de pontuação SCA (Associação de Cafés Especiais). São frutos selecionados e que são avaliados na fragrância/aroma, uniformidade, ausência de defeitos, doçura, amargor, acidez, corpo e sabor residual (retrogosto) e harmonia.",0.0,https://www.goomer.app/webmenu/chocolatria-1/product/10546937/picture/medium/240224133906
Chocolatria,Bebidas quentes,Chá quente,,9.9,https://www.goomer.app/webmenu/chocolatria-1/product/2376797/picture/medium/250206205854
Chocolatria,Bebidas quentes,Café espresso,"O nosso café é um café especial Unique que tem notas acima de 80 pontos na escala de pontuação SCA (Associação de Cafés Especiais). São frutos selecionados e que são avaliados na fragrância/aroma, uniformidade, ausência de defeitos, doçura, amargor, acidez, corpo e sabor residual (retrogosto) e harmonia.",10.9,https://www.goomer.app/webmenu/chocolatria-1/product/2376627/picture/medium/250206205904
Chocolatria,Bebidas quentes,Café com leite pequeno,"O nosso café é um café especial Unique que tem notas acima de 80 pontos na escala de pontuação SCA (Associação de Cafés Especiais). São frutos selecionados e que são avaliados na fragrância/aroma, uniformidade, ausência de defeitos, doçura, amargor, acidez, corpo e sabor residual (retrogosto) e harmonia.",10.9,https://www.goomer.app/webmenu/chocolatria-1/product/2376664/picture/medium/250206210204
Chocolatria,Bebidas quentes,Café com leite grande,"O nosso café é um café especial Unique que tem notas acima de 80 pontos na escala de pontuação SCA (Associação de Cafés Especiais). São frutos selecionados e que são avaliados na fragrância/aroma, uniformidade, ausência de defeitos, doçura, amargor, acidez, corpo e sabor residual (retrogosto) e harmonia.",14.9,https://www.goomer.app/webmenu/chocolatria-1/product/2376684/picture/medium/250206210222
Chocolatria,Bebidas quentes,Café coado da casa - sistema Bunn,"O nosso café é um café especial Unique que tem notas acima de 80 pontos na escala de pontuação SCA (Associação de Cafés Especiais). São frutos selecionados e que são avaliados na fragrância/aroma, uniformidade, ausência de defeitos, doçura, amargor, acidez, corpo e sabor residual (retrogosto) e harmonia.",13.9,https://www.goomer.app/webmenu/chocolatria-1/product/10553361/picture/medium/250206210128
Chocolatria,Bebidas quentes,Café espresso longo,"O nosso café é um café especial Unique que tem notas acima de 80 pontos na escala de pontuação SCA (Associação de Cafés Especiais). São frutos selecionados e que são avaliados na fragrância/aroma, uniformidade, ausência de defeitos, doçura, amargor, acidez, corpo e sabor residual (retrogosto) e harmonia.",19.9,https://www.goomer.app/webmenu/chocolatria-1/product/8886100/picture/medium/250206210116
Chocolatria,Bebidas quentes,Duplo espresso,"O nosso café é um café especial Unique que tem notas acima de 80 pontos na escala de pontuação SCA (Associação de Cafés Especiais). São frutos selecionados e que são avaliados na fragrância/aroma, uniformidade, ausência de defeitos, doçura, amargor, acidez, corpo e sabor residual (retrogosto) e harmonia.",19.9,https://www.goomer.app/webmenu/chocolatria-1/product/8886090/picture/medium/250206210116
Chocolatria,Bebidas quentes,Cappuccino,"Chocolate belga ao leite ou amargo, espresso Unique cafés especiais, leite e canela (opcional).",24.9,https://www.goomer.app/webmenu/chocolatria-1/product/2376754/picture/medium/250206210250
Chocolatria,Bebidas quentes,Maya shot,Chocolate quente especial da casa (com especiarias). Servido na xícara P.,22.0,https://www.goomer.app/webmenu/chocolatria-1/product/1377651/picture/medium/250611155509
Chocolatria,Bebidas quentes,Maya shot duplo,"Chocolate quente especial da casa (com especiarias). Servido na xícara tamanho G. Temos a versão congelada de Maya Shot duplo, disposto na caixinha Chocolatria.",34.0,https://www.goomer.app/webmenu/chocolatria-1/product/1377766/picture/medium/250611155523
Chocolatria,Bebidas quentes,Dark shot,Chocolate quente especial da casa (com doçura equilibrada e um toque de sal). Servido na xícara P.,22.0,https://www.goomer.app/webmenu/chocolatria-1/product/1377606/picture/medium/250611155532
Chocolatria,Bebidas quentes,Dark shot duplo,Chocolate quente especial da casa (com doçura equilibrada e um toque de sal). Servido na xícara tamanho G.,34.0,https://www.goomer.app/webmenu/chocolatria-1/product/1377672/picture/medium/250611155545
Chocolatria,Bebidas quentes,Cookie Maya Shot [somente consumo no café],"Chocolate quente especial da casa (com especiarias) servido em copinho crocante de cookie.
Disponível somente para consumo no café.",32.0,https://www.goomer.app/webmenu/chocolatria-1/product/2686389/picture/medium/250611155559
Chocolatria,Bebidas frias,Água,,6.5,https://www.goomer.app/webmenu/chocolatria-1/product/1377497/picture/medium/250116152128
Chocolatria,Bebidas frias,Refrigerante,,10.9,https://www.goomer.app/webmenu/chocolatria-1/product/11515956/picture/medium/250116210029
Chocolatria,Bebidas frias,Baer-Mate,"Bebida mista adoçada gaseificada - Mate,maça e cafeína.",17.9,https://www.goomer.app/webmenu/chocolatria-1/product/1376409/picture/medium/250327125749
Chocolatria,Bebidas frias,Suco mitto,,17.9,https://www.goomer.app/webmenu/chocolatria-1/product/1376514/picture/medium/250116210154
Chocolatria,Bebidas frias,Água de coco - Mitto,,17.9,https://www.goomer.app/webmenu/chocolatria-1/product/7783479/picture/medium/250116210417
Chocolatria,Bebidas frias,Suco de laranja natural,,17.9,https://www.goomer.app/webmenu/chocolatria-1/product/10431559/picture/medium/250116152324
Chocolatria,Bebidas frias,Suco de laranja natural com compota artesanal de morango,Suco de laranja natural com compota artesanal de morango (sem açúcar adicionado)!,19.9,https://www.goomer.app/webmenu/chocolatria-1/product/10444231/picture/medium/250116152324
Chocolatria,Bebidas frias,Orange coffee,"Suco de laranja integral natural, café coado da casa Unique Frutado e água tônica. Doce na medida e refrescante. Opção de água tônica normal ou zero açúcar.",25.0,https://www.goomer.app/webmenu/chocolatria-1/product/11233823/picture/medium/250116152321
Chocolatria,Bebidas frias,Soda italiana de morango,"Compota de morango artesanal (sem adição de açúcar) e água tônica. Refrescante e pouco doce (a água tônica é doce e gaseificada), mas bastante agradável. Opção de água tônica normal ou zero açúcar.",25.0,https://www.goomer.app/webmenu/chocolatria-1/product/11233830/picture/medium/250116152321
Chocolatria,Bebidas frias,Soda italiana de maracujá,Caramelo de maracujá artesanal (leva açúcar) e água tônica. Docinho e cremoso. Opção de água tônica normal ou zero açúcar.,25.0,https://www.goomer.app/webmenu/chocolatria-1/product/11233816/picture/medium/250116152319
Chocolatria,Bebidas frias,Shakelatria Trovão,Frape gelado feito com o famoso brigadeiro da casa.,31.9,https://www.goomer.app/webmenu/chocolatria-1/product/7515126/picture/medium/250116152319
Chocolatria,Bebidas frias,Shakelatria Tiramisú,"Frapê geladinho feito com uma deliciosa mistura de café, finalizado com cremoso de natas a base de queijo, polvilhado com cacau e biscoito champanhe.",31.9,https://www.goomer.app/webmenu/chocolatria-1/product/10443884/picture/medium/250116152316
Chocolatria,Bebidas frias,Ice Ice baby,"Calda a base de leite condensado, extração dupla de espresso e muito gelo",24.9,https://www.goomer.app/webmenu/chocolatria-1/product/11619273/picture/medium/250221205600
Chocolatria,"O ""Sonho de infância"" voltou!!! ❤   - 03/07",Vamos combinar direitinho?:),"- Não teremos a pronta entrega na loja, salvo situações excepcionais. Pedimos para não contar com isso, com o fim de não se frustrar.
 - Tanto para entrega ou retirada, os mesmos deverão ser encomendados por aqui. O frete contempla apenas 1 tentativa de entrega, ok? Caso haja portaria, certifique-se se o mesmo pode receber por você! 
- Por favorzinho, pedimos que lance em sua agenda para não esquecer o dia da sua encomenda. Como a venda é antecipada e todo mundo vive em meio a correria, é possível esquecermos.
- Pedimos a gentileza de compreender a logística dos sonhos.",0.0,https://www.goomer.app/webmenu/chocolatria-1/product/11735775/picture/medium/250403201600
Chocolatria,"O ""Sonho de infância"" voltou!!! ❤   - 03/07",Microlote 4: 03/07/25 (opção de ENTREGA: 12:00-16:00h),"Um clássico da confeitaria brasileira e presente na infância de muitos: sonhos recheados com creme! 
Imagine uma massa beeem fofinha, fartamente recheada com um creme de confeiteiro e finalizada com uma nuvem de açúcar.",24.9,https://www.goomer.app/webmenu/chocolatria-1/product/11515173/picture/medium/250605171856
Chocolatria,"O ""Sonho de infância"" voltou!!! ❤   - 03/07",Microlote 4: 03/07/25 (opção de RETIRADA: 15:00-18:00h),"Um clássico da confeitaria brasileira e presente na infância de muitos: sonhos recheados com creme! 
Imagine uma massa beeem fofinha, fartamente recheada com um creme de confeiteiro e finalizada com uma nuvem de açúcar.",24.9,https://www.goomer.app/webmenu/chocolatria-1/product/11736841/picture/medium/250611195142
Chocolatria,Correios,Trufa Van Halen,Caramelo cremosíssimo envolvido por uma deliciosa trufa de paçoca e coberta com chocolate crocante de amendoim,18.5,https://www.goomer.app/webmenu/chocolatria-1/product/11278474/picture/medium/241018121346
Chocolatria,Correios,Figo,"Design e molde autoral Chocolatria em formato de figo de chocolate , trazendo a harmonização de maior sucesso na Páscoa 2023: Casca chocolate 54% com uma elegante combinação de ganache de raspas de laranja e chá Earl Grey, e figos turcos .",18.9,https://www.goomer.app/webmenu/chocolatria-1/product/11278472/picture/medium/241018121351
Chocolatria,Correios,Cherry Bomb,"Bombom recheado com trufa meio amarga,  ganache licorosa e amarena

Não contém glúten*
Pode conter traços",19.2,https://www.goomer.app/webmenu/chocolatria-1/product/11278477/picture/medium/241018121425
Chocolatria,Correios,Wafer Gianduia,"Gianduia é a combinação clássica de pasta de avelãs com chocolate. Este é um wafer ultra crocante, recheado com pasta de avelãs, coberto por uma casquinha fina de chocolate ao leite belga.",19.0,https://www.goomer.app/webmenu/chocolatria-1/product/11278476/picture/medium/241018121426
Chocolatria,Correios,VIVALAVIDA!,"Base de biscoito amanteigado, recheio de ganache de caramelo, amendoim, chocolate amargo, flor de sal e paçoca. Se você gosta desta combinação, apenas PEÇA!",21.7,https://www.goomer.app/webmenu/chocolatria-1/product/11278475/picture/medium/241018121426
Chocolatria,Correios,Esfera Kids Dragée,"Esfera de acrílico, fartamente recheada com 11 bombons ao leite dragée.
Peso: 100g
Dimensão da esfera: 7,5cm",34.9,https://www.goomer.app/webmenu/chocolatria-1/product/11278478/picture/medium/241018121422
Chocolatria,Correios,Barra Honeycomb Praliné,"Barra ao leite feita com honeycomb (caramelo crocante de mel) e praliné de amêndoas.
Não contém glúten*
 * Pode conter traços",42.0,https://www.goomer.app/webmenu/chocolatria-1/product/11278468/picture/medium/241018121419
Chocolatria,Correios,Barra Amargo & Flor de sal,"Barra de chocolate amargo 54,3% com cristais de flor de sal. Simples, mas arrebatador!
Não contém glúten e lactose*
*Pode conter traços",33.4,https://www.goomer.app/webmenu/chocolatria-1/product/11278469/picture/medium/241018121419
Chocolatria,Correios,Barra Matchá crumble,"Barra linda feita com chocolate de matchá (chá verde), crumble, goji e cranberries.
Não contém glúten*
Pode conter traços",42.0,https://www.goomer.app/webmenu/chocolatria-1/product/11278471/picture/medium/241018121417
Chocolatria,Correios,Honeycomb,"Favos de caramelo de mel crocantes banhados em chocolate belga amargo com toque de flor de sal. Extraordinário!
Não contém glúten*
Pode conter traços",64.9,https://www.goomer.app/webmenu/chocolatria-1/product/11278473/picture/medium/250109143031
Chocolatria,Mimos da loja!,Livro autografado por Simone Izumi,"Livro ""Loucuras de Chocolate"", escrito por Simone Izumi.
Envie o seu nome para dedicatória <3",115.9,https://www.goomer.app/webmenu/chocolatria-1/product/4537825/picture/medium/250613161045
Chocolatria,Mimos da loja!,Mel de terroir professional 1400ml,"Mel 100% natural, produzido nas fazenda itaicá (atibaia) e fazenda bocaina (bragança paulista). Ambas localizadas na serra da bocaina (região bragantina), local de forte presença de matas nativas.",107.0,https://www.goomer.app/webmenu/chocolatria-1/product/1399024/picture/medium/240705142525
Flakes,Dia dos Namorados,Cesta Linha Home,"1 Difusor de Ambientes Pistacchio
1 Sabonete Líquido Pistacchio
1 Creme de Mãos Pistacchio
1 Esfoliante Pistacchio
1 Café Flakes Orfeu
1 Barra Dubai 160g
1 Flakestacchio 
1 Mini Bolo Pistache White
1 Brownie Crocante de Pistache",799.0,https://www.goomer.app/webmenu/flakes/product/11931235/picture/medium/250611210054
Flakes,Dia dos Namorados,Caixa Coração com Rosas,"14 Brigadeiros  de Pistache
6 Trufas de Pistache
2 Brownies Crocante de Pistache
1 Brownie Puro de Pistache
Caixa com 30 Rosas Vermelhas",1200.0,https://www.goomer.app/webmenu/flakes/product/11918432/picture/medium/250611210050
Flakes,Dia dos Namorados,Cesta Café da Manhã,"Surpreenda seu Amor com um Café da manhã especial. Essa cesta de MDF vem com 11 itens: 1 Empadão de Frango com Requeijão individual, 1 Croissant Puro, 1 Mini Bolo Pistache, 1 Mini Bolo de Abacaxi com coco,1 Café Flakes Orfeu 250g, 1 Copo de Café reutilizável, 1 Suco de Morango,1 Pudim, 1 Fatia de Cheesecake San Sebastian com geleia de Frutas Vermelhas, 1 Cartão com Brigadeiro de Pistache, Morangos frescos.",315.0,https://www.goomer.app/webmenu/flakes/product/11918620/picture/medium/250611210050
Flakes,Dia dos Namorados,Fondue Dubai,"1 Coração de chocolate ao leite 70g.
Morangos, Uvas verdes, Brownie de Pistache, Canudos de wafer, Marshmallows e Kataife.
1 Pote com Fondue de Pistache 150g 
1 Pote com Fondue de Chocolate 150g",189.9,https://www.goomer.app/webmenu/flakes/product/11918433/picture/medium/250611210045
Flakes,Dia dos Namorados,Coração Pistache Dubai,"Coração de chocolate ao leite, coberto com chocolate branco com pistache. Recheado com Creme de pistache Flakestacchio + Kataife crocante. Aproximadamente: 650g",299.9,https://www.goomer.app/webmenu/flakes/product/11918430/picture/medium/250611210045
Flakes,Dia dos Namorados,Kit Dubai com Morangos,"1 Barra Dubai 160g 
9 Morangos cobertos com chocolate ao leite e de pistache.",234.9,https://www.goomer.app/webmenu/flakes/product/11918434/picture/medium/250611210042
Flakes,Dia dos Namorados,Kit Dubai,"1 Mini bolo de massa branca com recheio de brigadeiro de Pistache
1 brownie crocante de Pistache
1 Barra Dubai",165.0,https://www.goomer.app/webmenu/flakes/product/11918893/picture/medium/250611210042
Flakes,Dia dos Namorados,Barra Dubai Flakes,A versão da Barra mais desejada da internet disponível a você. “Barra Dubai Flakes” Chocolate Meio Amargo e Chocolate Branco com Pasta pura de Pistache em um molde de Rosas. Recheada com Creme de Pistache Flakestacchio e Kataifi crocante. Aprox. 160g,99.9,https://www.goomer.app/webmenu/flakes/product/11918889/picture/medium/250611210039
Flakes,Dia dos Namorados,Kit Café Carinho,"Surpreenda seu Amor com um Kit de Café da manhã. Essa Kit vem com 5 itens: 1 Empadão de Frango com Requeijão individual, 1 Croissant Puro, 1 Mini Bolo Dueto, 1 Drip Coffee Orfeu, 1 Cartão com Brigadeiro de Pistache.",106.9,https://www.goomer.app/webmenu/flakes/product/11918607/picture/medium/250611210036
Flakes,Dia dos Namorados,Caixa Pistacchio Lover,"5 Trufas de Pistache 
6 Brigadeiros de Pistache
1 Brownie Confeitado de Pistache
1 Brownie Crocante de Pistache
1 Brownie Puro de Pistache",205.0,https://www.goomer.app/webmenu/flakes/product/11918617/picture/medium/250611210036
Flakes,Linha Flakes Home,Difusor de Ambientes Pistacchio,"O Difusor Pistacchio foi desenvolvido para perfurmar o ambiente, trazer a sensação de bem-estar e aconchego!

A estrela desta primeira coleção é o Pistache, que, através de aromas envolventes, traz serenidade, conforto e um toque especial aos seus momentos.

Com notas de saída de Pistache, Chocolate e Amêndoa. Notas de Corpo de Caramelo, Sândalo e Coco. Notas de Fundo de Vanillla, Fava Tonka e Musk.

Retire o lacre que esta na parte interna da tampa rosca e coloque as varetas, deixe-as por 24h e vire as varetas deixando as pontas que estão úmidas para fora.",189.9,https://www.goomer.app/webmenu/flakes/product/11931293/picture/medium/250611211058
Flakes,Linha Flakes Home,Sabonete Líquido Hidratante Pistacchio,"Sabonete líquido Pistacchio garantindo limpeza e hidratação para suas mãos, com Aloe Vera e Glicerina.

A estrela desta primeira coleção é o Pistache, que, através de aromas envolventes, traz serenidade, conforto e um toque especial aos seus momentos.

Com notas de saída de Pistache, Chocolate e Amêndoa. Notas de Corpo de Caramelo, Sândalo e Coco. Notas de Fundo de Vanillla, Fava Tonka e Musk.

Aplique o sabonete líquido sobre a palma da mão, espalhe e massageie até obter espuma. Assim que atingir a limpeza e o frescor esperado enxágue as áreas aplicadas de forma abundante.",139.9,https://www.goomer.app/webmenu/flakes/product/11931300/picture/medium/250611211131
Flakes,Linha Flakes Home,Creme de Mãos Pistacchio,"Creme de Mãos Pistacchio para ter mãos hidratadas e sedosas, com Manteiga de Karite, Ureia, Cera de Abelhas, Extrato de Mel e Glicerina.

A estrela desta primeira coleção é o Pistache, que, através de aromas envolventes, traz serenidade, conforto e um toque especial aos seus momentos.

Com notas de saída de Pistache, Chocolate e Amêndoa. Notas de Corpo de Caramelo, Sândalo e Coco. Notas de Fundo de Vanillla, Fava Tonka e Musk.

Aplique o creme nas mãos quando desejar.",49.9,https://www.goomer.app/webmenu/flakes/product/11931308/picture/medium/250611211237
Flakes,Linha Flakes Home,Esfoliante Corporal Pistacchio,"O esfoliante corporal Pistacchio foi preparado pra tornar seu banho um ritual de bem estar. Ele remove as células mortas auxiliando na renovação celular, proporcionando uma pele lisa e hidratada, com Manteiga de Karite, Ureia, Cera de Abelhas, Extrato de Mel e Glicerina.

A estrela desta primeira coleção é o Pistache, que, através de aromas envolventes, traz serenidade, conforto e um toque especial aos seus momentos. Com notas de saída de Pistache, Chocolate e Amêndoa. Notas de Corpo de Caramelo, Sândalo e Coco. Notas de Fundo de Vanillla, Fava Tonka e Musk. 

Aplique no corpo úmido, fazendo movimentos leves de massagem e logo em seguida, enxágue. Indicação de uso: uma a duas vezes por semana no banho.",139.9,https://www.goomer.app/webmenu/flakes/product/11931318/picture/medium/250611211257
Flakes,Linha Flakes Home,Kit completo Linha Home Pistacchio,"A estrela desta primeira coleção é o Pistache, que, através de aromas envolventes, traz serenidade, conforto e um toque especial aos seus momentos.

Com notas de saída de Pistache, Chocolate e Amêndoa. Notas de Corpo de Caramelo, Sândalo e Coco. Notas de Fundo de Vanillla, Fava Tonka e Musk.

Linha Home Pistacchio:

Sabonete Líquido 250ml

Difusor de Ambiente 250ml

Creme de Mãos 30g

Esfoliante Corporal 200g",469.9,https://www.goomer.app/webmenu/flakes/product/11931349/picture/medium/250611211601
Flakes,Linha Flakes ,Cartão Presente com Brigadeiro Belga,Receber um recadinho especial fica ainda melhor quando acompanhado de um brigadeiro.,15.9,https://www.goomer.app/webmenu/flakes/product/11431395/picture/medium/241223034530
Flakes,Linha Flakes ,Cartão Presente com Brigadeiro de Pistache,Receber um recadinho especial fica ainda melhor quando acompanhado de um brigadeiro.,15.9,https://www.goomer.app/webmenu/flakes/product/11431396/picture/medium/241223034539
Flakes,Linha Flakes ,Café Flakes + Orfeu 250g,"Blend Exclusivo
Torra: média
Tipo: 100% Arábica
Aromas: Frutados, chocolate e caramelo
Café torrado e moído (moagem fina) 250g",45.0,https://www.goomer.app/webmenu/flakes/product/11452045/picture/medium/250329123401
Flakes,Barra Dubai,Barra Dubai Flakes,"A versão da Barra mais desejada da internet disponível a você. “Barra Dubai Flakes” Chocolate Meio Amargo e Chocolate Branco com Pasta pura de Pistache em um molde de Rosas. Recheada com Creme de Pistache Flakestacchio e Kataifi crocante.

Aprox. 160g",99.9,https://www.goomer.app/webmenu/flakes/product/11859586/picture/medium/250520200104
Flakes,Bolos Confeitados ,Bolo Belga,Deliciosa massa de Chocolate com recheio de Brigadeiro gourmet coberto por Flakes Belga ao Leite.,165.0,https://www.goomer.app/webmenu/flakes/product/11064956/picture/medium/241223034420
Flakes,Bolos Confeitados ,Bolo Dueto (Best-Seller),"Bolo sabor Chocolate. Recheio de Brigadeiro Branco
com Brigadeiro Gourmet, Cobertura lateral de Brigadeiro,
Caimento Brigadeiro Branco.",130.0,https://www.goomer.app/webmenu/flakes/product/10515971/picture/medium/250106183149
Flakes,Bolos Confeitados ,Naked Pistacchio White (modelo 1),Bolo Branco com Brigadeiro de Pistache e Mousse de Pistache. Coberto por grãos e de Pistache californianos triturados. Envolto em um acetato.,145.0,https://www.goomer.app/webmenu/flakes/product/10784394/picture/medium/241223033922
Flakes,Bolos Confeitados ,Bolo Pistacchio (modelo 2),Bolo Branco com Brigadeiro de Pistache e geleia de morango. Coberto por grãos de Pistache californianos.,170.0,https://www.goomer.app/webmenu/flakes/product/10784403/picture/medium/250208185949
Flakes,Bolos Confeitados ,Bolo Abacaxi com Coco,Bolo sabor Baunilha com Brigadeiro de Coco e Pedaços de Abacaxi em Calda. Coberto com chantilly e Mousse 3 Leites.,210.0,https://www.goomer.app/webmenu/flakes/product/11828334/picture/medium/250519145137
Flakes,Bolos Confeitados ,Bolo Pistache com Morangos (modelo 3),Bolo Branco com Brigadeiro de Pistache e geleia de frutas vermelhas. Cobertura de Brigadeiro de Pistache e Morangos,175.0,https://www.goomer.app/webmenu/flakes/product/10784418/picture/medium/250106183222
Flakes,Bolos Confeitados ,Bolo Dubai,"Massa de Baunilha, recheado com Brigadeiro de Pistache e Geléia de Frutas Vermelhas. Coberto por Pistache Califórnia triturado e Flakestacchio com Kataifi no topo. Acompanha Massa crocante Kataifi e Ganache de Chocolate ao Leite.",259.9,https://www.goomer.app/webmenu/flakes/product/11828349/picture/medium/250519145128
Flakes,Bolos Confeitados ,Bolo Pistacchio / Tradicional (modelo 4),"Bolo de Chocolate com
Brigadeiro de Pistache e
Brigadeiro Gourmet. Coberto
por grãos e ganache de
Pistache. Na decoração:
Coxinhas de Morangos e
Brigadeiros de Pistache.",370.0,https://www.goomer.app/webmenu/flakes/product/10517873/picture/medium/250212170022
Flakes,Bolos Confeitados ,Bolo de Brigadeiro,Massa de chocolate com recheio de Brigadeiro. Coberto com Brigadeiros boleados com Flakes Belga ao leite.,165.0,https://www.goomer.app/webmenu/flakes/product/11828378/picture/medium/250519145113
Flakes,Bolos Confeitados ,BOLO PISTACCHIO COM GELÉIA DE FRUTAS VERMELHAS (MODELO 5),Bolo Branco com Brigadeiro de Pistache e geleia de frutas vermelhas. Coberto por grãos de Pistache californianos.,180.0,https://www.goomer.app/webmenu/flakes/product/11582785/picture/medium/250213191704
Flakes,Bolos Confeitados ,Bolo Dueto Decoração Especial,"Bolo sabor Chocolate. Recheio de Brigadeiro Branco
com Brigadeiro Gourmet, Cobertura lateral de Brigadeiro,
Caimento Brigadeiro Branco.

Adicione itens extras para
cobrir todo o topo do bolo.
Escolha até 2 itens:
-Brigadeiro Belga
-Brigadeiro de Ninho
-Morangos",235.0,https://www.goomer.app/webmenu/flakes/product/10517858/picture/medium/250207192417
Flakes,Bolos Confeitados ,Naked Red Velvet,"Bolo Vermelho Veludo
com Mousse de Cream
Cheese e Brigadeiro Branco. Coberto por
Chantilly .",120.0,https://www.goomer.app/webmenu/flakes/product/11619445/picture/medium/250220170243
Flakes,Bolos Confeitados ,Bolo Abacaxi com Coco,"Bolo sabor Baunilha com
Creme de Coco,
Pedaços de Abacaxi em
Calda e Brigadeiro Branco.
Coberto com chantilly e
Mousse 3 Leites.",130.0,https://www.goomer.app/webmenu/flakes/product/10517867/picture/medium/250207192410
Flakes,Bolos Confeitados ,Bolo Cachoeira de Coxinhas,"Bolo de Chocolate ou
Baunilha com Brigadeiro
Gourmet, Brigadeiro Branco e Morangos.",290.0,https://www.goomer.app/webmenu/flakes/product/10517880/picture/medium/250207192407
Flakes,Bolos Confeitados ,Bolo Cachoeira de Brigadeiro,"Bolo sabor Chocolate com
Brigadeiro Gourmet.
Decoração com Nutella,
Brigadeiro Belga e Cone de
Chocolate.",280.0,https://www.goomer.app/webmenu/flakes/product/10517883/picture/medium/250207192404
Flakes,Bolos Confeitados ,Torta de Frutas Vermelhas,"Bolo de Baunilha
com Creme 4 Leites
Brigadeiro Branco e
Calda de Frutas
Vermelhas",250.0,https://www.goomer.app/webmenu/flakes/product/10517892/picture/medium/250207192402
Flakes,Bolos Confeitados ,Bolo Cachoeira de Nutella,"Bolo de Chocolate com Brigadeiro Gourmet
e Brigadeiro Branco. Decoração com Kinder
Bueno White, Brigadeiros Belga e Nutella.",320.0,https://www.goomer.app/webmenu/flakes/product/10517896/picture/medium/250207192358
Flakes,Bolos Confeitados ,Docinhos para festa,"Cento de brigadeiros com 15g cada.
sabores:",450.0,https://www.goomer.app/webmenu/flakes/product/10517902/picture/medium/250515144530
Flakes,Sobremesas ,Taça Red Velvet (BEST SELLER),"Uma das mais pedidas. Camadas de Bolo Amanteigado Red Velvet, Mousse de Cream Cheese, Brigadeiro Branco e Mousse 3 leites.
1,2 Litros. Serve de 6-8 pessoas.
Armazenar em geladeira.
Validade até 7 dias.

-Alérgicos: Contém glúten e lactose. Ovo, derivados do trigo, leite e soja. Pode conter: Centeio, cevada, aveia, amêndoa, avelã, castanha-de-caju, castanha-do-pará e nozes. Contém corante.

- Não realizamos alterações. - Não fazemos entrega.",189.9,https://www.goomer.app/webmenu/flakes/product/10292258/picture/medium/250109171507
Flakes,Sobremesas ,Taça de Bolo com Morango,"Camadas de Bolo de chocolate com brigadeiro gourmet, mousse 3 leites, Morangos frescos e Flakes Belga.

1,2 Litros. Serve entre 6-8 pessoas.

-Alérgicos: Contém glúten e lactose. Ovo, derivados do trigo, leite e soja. Pode conter: Centeio, cevada, aveia, amêndoa, avelã, castanha-de-caju, castanha-do-pará e nozes. 

- Não realizamos alterações. E não realizamos entrega.",209.9,https://www.goomer.app/webmenu/flakes/product/11451835/picture/medium/250109171515
Flakes,Sobremesas ,Taça Brownie com Morangos (BEST SELLER),"A mais vendida. Camadas de Morangos, Brownie, Brigadeiro Gourmet e Mousse 3 leites. Decorado com Brownies, Morangos frescos e Flakes Belga.
1,2 Litros. Serve entre 6-8 pessoas.

-Alérgicos: Contém glúten e lactose. Ovo, derivados do trigo, leite e soja. Pode conter: Centeio, cevada, aveia, amêndoa, avelã, castanha-de-caju, castanha-do-pará e nozes. 

- Não realizamos alterações. - Não acompanha louças. - Não fazemos entrega.",219.9,https://www.goomer.app/webmenu/flakes/product/10292252/picture/medium/250109171521
Flakes,Sobremesas ,Taça Pistacchio com Geléia de Morango (A mais desejada),"Camadas de Bolo branco, Brigadeiro de Pistache, Mousse 3 leites, geléia de Morangos e Grãos de Pistache no topo.
1,2 Litros. Serve entre 6-8 pessoas.

-Alérgicos: Contém glúten e lactose. Ovo, derivados do trigo, leite e soja. Pode conter: Centeio, cevada, aveia, amêndoa, avelã, castanha-de-caju, castanha-do-pará e nozes. 

- Não realizamos alterações. - Não realizamos entrega.",219.9,https://www.goomer.app/webmenu/flakes/product/11451843/picture/medium/250109171532
